{
  "version": 1,
  "author": "Anonymous maker",
  "editor": "wokwi",
  "parts": [
    {
      "type": "board-esp32-s3-devkitc-1",
      "id": "esp",
      "top": -96.18,
      "left": 148.57,
      "attrs": {}
    },
    {
      "type": "wokwi-a4988",
      "id": "drv1",
      "top": 158.6,
      "left": -110,
      "rotate": 270,
      "attrs": {}
    },
    {
      "type": "wokwi-a4988",
      "id": "drv2",
      "top": 187.4,
      "left": -311.6,
      "rotate": 270,
      "attrs": {}
    },
    {
      "type": "wokwi-stepper-motor",
      "id": "stepper1",
      "top": -25.19,
      "left": -364.37,
      "attrs": { "size": "17", "arrow": "blue" }
    },
    {
      "type": "wokwi-stepper-motor",
      "id": "stepper2",
      "top": -25.19,
      "left": -162.77,
      "attrs": { "size": "17", "arrow": "red" }
    }
  ],
  "connections": [
    [ "esp:TX", "$serialMonitor:RX", "", [] ],
    [ "esp:RX", "$serialMonitor:TX", "", [] ],
    [ "drv2:1B", "stepper1:B-", "green", [ "v0" ] ],
    [ "drv2:1A", "stepper1:B+", "green", [ "v0" ] ],
    [ "drv2:2A", "stepper1:A+", "green", [ "v0" ] ],
    [ "drv2:2B", "stepper1:A-", "green", [ "v0" ] ],
    [ "drv1:1B", "stepper2:B-", "green", [ "v0" ] ],
    [ "drv1:1A", "stepper2:B+", "green", [ "v0" ] ],
    [ "drv1:2B", "stepper2:A-", "green", [ "v0" ] ],
    [ "stepper2:A+", "drv1:2A", "green", [ "v0" ] ],
    [ "drv1:STEP", "esp:9", "green", [ "v19.2", "h124.8", "v-172.8" ] ],
    [ "drv1:DIR", "esp:10", "green", [ "v9.6", "h124.8", "v-153.6" ] ],
    [ "drv2:STEP", "esp:11", "green", [ "v28.8", "h355.2", "v-211.2" ] ],
    [ "drv2:DIR", "esp:12", "green", [ "v19.2", "h355.2", "v-201.6" ] ],
    [ "drv2:GND.1", "esp:GND.1", "black", [ "h9.68", "v57.45", "h355.2", "v-115.2" ] ],
    [ "drv1:GND.1", "esp:GND.1", "black", [ "h9.68", "v47.85", "h124.8", "v-86.4" ] ],
    [ "drv1:VDD", "esp:3V3.1", "red", [ "v-9.75", "h28.88", "v48", "h76.8", "v-268.8" ] ],
    [ "drv2:VDD", "esp:3V3.1", "red", [ "v-9.75", "h28.88", "v57.6", "h288", "v-316.8" ] ],
    [ "drv2:RESET", "drv2:SLEEP", "green", [ "v9.6", "h9.6" ] ],
    [ "drv1:RESET", "drv1:SLEEP", "green", [ "v9.6", "h9.6" ] ],
    [
      "drv2:GND.2",
      "esp:GND.1",
      "black",
      [ "v-19.35", "h-28.72", "v105.6", "h460.8", "v-153.6" ]
    ],
    [ "drv2:VMOT", "esp:3V3.2", "red", [ "v-9.75", "h-9.52", "v105.6", "h364.8", "v-364.8" ] ],
    [
      "drv1:GND.2",
      "esp:GND.1",
      "black",
      [ "v-19.35", "h-28.72", "v163.2", "h268.8", "v-182.4" ]
    ],
    [ "drv1:VMOT", "esp:3V3.2", "red", [ "v-9.75", "h-9.52", "v144", "h153.6", "v-364.8" ] ]
  ],
  "dependencies": {}
}